{
  "DeepFM": {
    "auc": 0.7472413024640852,
    "logloss": 0.5302471039678421,
    "pcoc": 1.109681112337959
  },
  "DCN": {
    "auc": 0.7409595006451728,
    "logloss": 0.564160262664784,
    "pcoc": 1.1915156553909168
  }
}